ts	phase	decision	why	evidence	result
2026-10-07T00:00:00Z	frame	Build the agreed Vue starter in a new public repository	User authorized autopilot implementation and publication	docs/implementation-plan.md	open
2026-10-07T00:00:01Z	design	Use a focused feature service and feature-owned IndexedDB adapter	Keeps native Vue state and avoids a second subscription framework	docs/architecture.md	three candidates reviewed
2026-10-07T00:00:02Z	dependencies	Use Vite 7.3 and TypeScript 6 with Histoire and Vue tooling	Published peer ranges exclude the newer major releases	package.json	install passed
2026-10-07T05:09:39.987Z	audit	Initial three rows used placeholder times; their sequence and decisions remain accurate	Record real times from this point; do not treat the first timestamps as execution times	docs/decisions.tsv	corrected
2026-10-07T05:09:40.016Z	verification	Proved notes rules and native IndexedDB behavior in Chrome	An in-memory double cannot prove browser transactions	apps/playground/src/features/notes/adapters/indexeddb/createIndexedDbNotes.browser.test.ts	5 unit and 5 storage browser tests passed
2026-10-07T05:19:18.324Z	review	Fixed cross-tab updates and browser Back restoration after independent Chrome reproduction	Other tabs must retain drafts and cached pages must retain a usable storage adapter	e2e/notes.feature	code reviewed; final regression run in progress
2026-10-07T05:19:18.355Z	verification	Separated production test builds from ordinary app output	Concurrent app build had removed PWA test assets	scripts/serve-e2e.mjs	isolated build directories and empty output before each build
2026-10-07T05:19:18.383Z	review	Completed comment and direct diff cleanup reviews	External cursor-team-kit tools are unavailable; use available independent inspection	docs/design/review.md	two redundant comments removed; no remaining code blockers reported
2026-10-07T05:20:31.747Z	verification	Added a browser Back regression and inspected restoration evidence	A successful reload does not prove restoration of the existing app instance	e2e/notes.steps.ts	investigating browser cache eligibility in test runner
2026-10-07T05:22:28.424Z	verification	Verified actual browser cache restoration followed by a successful saved note	A separate origin without cache-blocking headers allows the browser to exercise persisted pages	e2e/notes.feature	Chrome BFCache regression passed
2026-10-07T05:22:28.452Z	design	Keep initial competing designs and synthesis in the repository	The review scores need inspectable source artifacts	docs/design/review.md	three proposals and comparison recorded
2026-10-07T05:23:58.757Z	verification	Passed the complete local check and inspected mobile screenshots	Verify production behavior rather than relying on compilation	docs/verification.md	5 unit, 8 browser, 7 production journeys passed; both builds passed
